State_Code,State,District,Confirmed,Active,Recovered,Deceased,"Sex ratio of the total population (females per 1,000 males)",Women whose Body Mass Index (BMI) is below normal (BMI < 18.5 kg/m2)14 (%),Men whose Body Mass Index (BMI) is below normal (BMI < 18.5 kg/m2) (%),Women who are overweight or obese (BMI ≥ 25.0 kg/m2)14 (%),Men who are overweight or obese (BMI ≥ 25.0 kg/m2) (%),All women age 15-49 years who are anaemic (%),Men age 15-49 years who are anaemic (<13.0 g/dl) (%),Women Blood sugar level - high (>140 mg/dl) (%),Men Blood sugar level - high (>140 mg/dl) (%),Women Very high (Systolic ≥180 mm of Hg and/or Diastolic ≥110 mm of Hg) (%),Men Very high (Systolic ≥180 mm of Hg and/or Diastolic ≥110 mm of Hg) (%)
MH,Maharashtra,Pune,134913,39971,91606,3336,924,17.8,10.7,30.2,33.4,50,17.4,4.6,4,0.2,1.1
MH,Maharashtra,Mumbai,130410,17693,105193,7222,906,17.8,14.9,34,37.9,49.4,23,11.8,14,0.2,0
TN,Tamil Nadu,Chennai,119059,12106,104455,2498,1032,9.4,4.3,33.6,31.3,53.9,10.1,9.7,9.3,0.4,3
MH,Maharashtra,Thane,115923,19541,92981,3400,922,21.4,13.1,29,27.4,48.4,17.1,4.1,4.5,0.6,0
KA,Karnataka,Bangalore,94106,33081,59492,1532,898,14,8.7,32,26.1,39.6,20.5,8.3,10.9,0.4,0.7
TG,Telangana,Hyderabad,46262,45934,305,23,934,12.9,19.6,47.9,33.7,54,5.3,9,8.3,0.8,4.6
AP,Andhra Pradesh,East Godavari,42600,15254,27056,290,927,15.9,12.8,36.4,28,64.6,34.3,7.1,12.9,0.6,2.9
AP,Andhra Pradesh,Kurnool,34782,6872,27604,306,1021,21.6,13.6,24.9,31.7,54.5,26.6,5.2,2.4,0.8,2
WB,West Bengal,Kolkata,33467,6371,25986,1110,921,7.3,17.2,40.7,42.8,46.4,24.6,8.5,22.2,1.1,0.5
AP,Andhra Pradesh,Anantapur,30507,5051,25218,238,1000,20.2,20.2,26.5,28.8,52.7,22.6,6.9,8.9,0.9,3.9
GJ,Gujarat,Ahmadabad,29327,3419,24242,1666,904,21.5,25.9,30.7,26.4,62.9,26.9,6,5.4,0.4,0.5
MH,Maharashtra,Nashik,27850,10013,17144,693,1000,25.8,16.8,22.9,23.7,54.7,16.4,4.7,6.1,0.3,0
AP,Andhra Pradesh,Guntur,27810,7920,19584,306,1015,11.3,15.4,45.1,39,57.9,24.9,9.3,19,0.9,0
AP,Andhra Pradesh,Visakhapatnam,26255,5797,20242,216,1047,18.9,12.1,28.8,29,66.4,28.2,6.6,7.4,1.4,1.7
WB,West Bengal,North Twenty Four Parganas,25904,5607,19717,580,981,11.5,17.4,28.9,16.5,62.7,30,11.2,13,0.7,1.5
AP,Andhra Pradesh,West Godavari,25111,5359,19544,208,1020,14.5,15.3,40,41.3,59.9,19.2,7.6,9.9,0.9,0
AP,Andhra Pradesh,Chittoor,24907,9366,15284,257,1079,21,16.8,28.5,30.8,48.8,20.3,9,8.9,0.1,0
MH,Maharashtra,Raigarh,24049,4985,18413,649,924,21.8,18.5,27.3,21.4,53.1,13.3,6.3,11.1,0.7,0
AS,Assam,Kamrup Metropolitan,23282,8628,14599,55,964,17.3,14.2,26.3,26.5,53.8,23.7,6.5,4.3,1.3,1.7
TN,Tamil Nadu,Thiruvallur,20618,3959,16313,346,980,11.3,9.2,32.3,32,55.1,24,6.2,8.1,0.2,0.3
MH,Maharashtra,Aurangabad,18954,5929,12447,578,923,21.5,30.4,23.2,16.6,45,17.5,4.5,4.8,1,0
MH,Maharashtra,Jalgaon,18766,5390,12673,703,914,18.9,14,23.8,19.5,51.7,28.2,4.5,3.6,0.9,1.8
AP,Andhra Pradesh,Sri Potti Sriramulu Nellore,18329,5201,12973,155,1039,17,17.5,35,32,59.1,41.3,9.5,6.3,1.1,2
UP,Uttar Pradesh,Lucknow,18204,7170,10806,228,919,14.7,14.3,22.5,18.1,58.4,22.9,5.1,6.6,0.8,0.6
AP,Andhra Pradesh,Y.S.R.,18086,4456,13505,125,1034,18.7,11.3,27,40.8,57.7,18.6,8.4,18.2,0.3,1.3
GJ,Gujarat,Surat,17409,2721,14127,561,881,18.4,22.7,34.5,23.2,39,11.1,5.7,11.9,0.8,0.6
BR,Bihar,Patna,17294,3393,13794,107,964,24,17.6,19.5,15.8,57.1,28.9,3.9,6.5,0.4,0.5
AP,Andhra Pradesh,Srikakulam,15663,5220,10267,176,1028,20.5,15.2,24.4,18.9,71.8,29.3,8.3,12.4,0.9,2.2
OR,Odisha,Ganjam,15498,2244,13084,170,1111,21.5,17.7,20.9,16.4,41.3,34.5,7.7,10.9,0.6,0
KA,Karnataka,Bellary,15180,5948,9054,178,952,23.6,18.4,18.9,20.9,49.9,20,4,6.5,0.6,2.5
MH,Maharashtra,Solapur,14989,4514,9828,646,963,19,15.7,23,33.6,44.3,14.9,6.4,6.3,0.6,0
MH,Maharashtra,Nagpur,14807,7344,7063,399,1004,23,19.1,23.3,18.4,46.6,19.1,4.8,10.6,0.4,2.5
MH,Maharashtra,Kolhapur,14712,6902,7412,398,978,23.4,24.3,27.2,24.4,46.8,20.8,6.1,5,1.3,2.1
TN,Tamil Nadu,Kancheepuram,14296,2789,11321,186,964,9.5,11.9,39.2,28.3,53.4,17.5,6.4,8,0.4,1.7
MH,Maharashtra,Ahmadnagar,13671,3174,10338,159,905,22.5,23.5,18.3,20.4,46.1,17.3,4.3,5.1,0.8,0.7
AP,Andhra Pradesh,Vizianagaram,13608,6931,6551,126,1066,25.8,19.4,22.4,32.1,75.5,44.3,7.4,12,0.4,0
TN,Tamil Nadu,Madurai,12955,1057,11571,327,1007,14.9,11.8,35.5,32.3,52.5,14.3,8.4,9.5,0.6,0.7
AP,Andhra Pradesh,Prakasam,12948,4840,7923,185,1016,16.9,13.4,32.5,33.6,57.7,23.4,8.2,5,0.5,2
AP,Andhra Pradesh,Krishna,12760,2863,9665,232,1037,13.5,12.4,45.5,46.6,59.4,22.6,12.5,4.9,0.6,2
WB,West Bengal,Haora,11545,1958,9282,305,1001,16.5,20.1,25.9,17,58.1,29.3,7.1,15.3,1.1,0
KA,Karnataka,Mysore,11489,4112,7062,315,1008,19.1,10.2,29.3,20.2,45.6,9.1,5.9,7.3,0.5,1.2
TN,Tamil Nadu,Virudhunagar,11455,916,10380,159,1079,14.6,19.8,32.9,17.7,55.9,17.9,8.4,6.7,0.4,0.9
HR,Haryana,Faridabad,11236,776,10305,155,826,14.4,10.7,23.7,18.8,54.1,14.7,6.4,9.4,0.5,0.7
UP,Uttar Pradesh,Kanpur Nagar,11062,4303,6436,323,889,14.8,17.2,16.9,16.4,58.7,24.6,3.2,3.6,0.5,0.4
TN,Tamil Nadu,Theni,10484,2761,7606,117,1013,13.6,12.9,33.5,28.1,49.9,15.7,8.5,5.5,1.2,0
HR,Haryana,Gurgaon,10472,762,9580,130,812,12.5,7.1,20.2,21.8,73.2,23.1,6.5,9.5,0.9,0
KL,Kerala,Thiruvananthapuram,10431,4259,6112,39,1122,9,6.2,33.6,25.2,22.5,3.7,6.2,10.5,1.1,0
MP,Madhya Pradesh,Indore,10191,3163,6683,345,895,18.9,16.8,23.6,22.3,46.8,22.2,5.4,7.8,0.8,2.1
TN,Tamil Nadu,Thoothukkudi,10108,872,9146,90,1135,17.9,20.2,36,22.9,59,21.8,6.7,7,0.2,2.9
OR,Odisha,Khordha,9846,4412,5373,61,980,15.4,9.8,30.2,27.1,45.3,13.6,7.4,10.6,0.3,0.9
TN,Tamil Nadu,Coimbatore,9758,2622,6935,201,994,13.8,6.2,34.4,34.8,54.3,13.2,5.5,7.8,0.9,1.9
RJ,Rajasthan,Jodhpur,9531,1884,7560,87,952,20.8,17.3,18.3,18.1,44.3,15.4,3.2,8.9,0.2,1.5
KA,Karnataka,Dakshina Kannada,9296,2192,6818,284,1032,25.6,21.8,26,20.4,45.4,15.7,5.5,9,1.4,1
KA,Karnataka,Gulbarga,9265,1962,7131,172,989,22.5,20.5,14.8,18.8,43.1,14.9,3.6,8.5,0.4,0.4
WB,West Bengal,South Twenty Four Parganas,8958,1997,6821,140,1037,18.9,23.1,22.6,9.7,66.8,35.4,7.3,15.1,0.2,2.1
TN,Tamil Nadu,Tiruvannamalai,8922,1368,7427,127,1011,16.1,7,27.1,29.8,59,25.2,5.9,13.5,1.3,0.7
KA,Karnataka,Udupi,8663,2753,5830,80,1137,27.6,18.4,20.7,22.5,44.7,13.2,5.6,9.3,0.7,3.3
TN,Tamil Nadu,Vellore,8641,1217,7303,121,1036,14.4,13,34.3,26.1,55.5,19.7,8.5,10.3,0.2,0
MP,Madhya Pradesh,Bhopal,8572,1403,6921,248,899,19.1,23.5,23.5,21.7,47,23.1,4.1,7.2,0.5,0
KA,Karnataka,Belgaum,8360,3608,4615,137,960,20.6,17.5,20.7,27.5,41.2,17.3,6,9,0.3,0
TG,Telangana,Rangareddy,8159,8140,17,2,967,19.3,18.1,33.5,27.1,54.9,10.4,7.9,4.2,1.5,2.3
KA,Karnataka,Dharwad,8134,2520,5365,249,957,16,13.2,29.4,30.3,45.9,18.3,8.6,8.7,0.7,1.7
MH,Maharashtra,Satara,7944,2833,4864,246,1034,30.5,24.7,19.3,28.6,49.4,16.6,4.4,2.1,0.9,1.5
TN,Tamil Nadu,Kanniyakumari,7846,1495,6225,126,1110,12.3,6.9,42.5,34.6,44.6,11,9.3,12.5,0.5,2
RJ,Rajasthan,Jaipur,7823,2286,5296,241,920,22.7,21.3,17.4,14.6,27.1,8.8,3,6.2,0.9,0.2
TN,Tamil Nadu,Tirunelveli,7743,1348,6265,130,1124,18.9,17.3,29.5,30.2,59.5,26.6,7.6,9,0.4,1
PB,Punjab,Ludhiana,7577,2552,4761,264,862,9.2,10.3,35.5,29.4,65.2,32,5.3,6.8,0.4,2.2
TN,Tamil Nadu,Coddalore,7332,2851,4403,78,1026,19.3,14.9,29,22.1,59.8,21.8,4.9,9.9,0.4,1.2
PY,Puducherry,Puducherry,7330,3070,4165,95,1055,10.6,10,36.2,36.9,52.5,15,6.8,6.6,0.8,1.3
MH,Maharashtra,Sangli,7123,2760,4135,228,1005,21.1,19.3,28.4,29.7,51.2,19.5,6.1,8.9,0.4,1.5
JK,Jammu and Kashmir,Srinagar,7026,1396,5453,177,951,4.3,2.1,40.8,34.6,48.8,15.6,9.3,14.3,0.7,0.1
UP,Uttar Pradesh,Ghaziabad,6790,1071,5652,67,899,17.1,15.3,30.2,23.6,56.6,16.9,6.6,8.5,0.7,0.5
GJ,Gujarat,Vadodara,6602,1265,5226,111,944,29.1,25.6,22,20.7,49.2,18.5,6.5,6.5,0.7,0
UP,Uttar Pradesh,Gautam Buddha Nagar,6596,774,5779,43,844,14.2,15.2,29.8,23.9,57.6,17.5,4.7,8.6,0.7,0.7
TN,Tamil Nadu,Salem,6471,1917,4469,85,1000,12,10.8,29.4,34.3,55.2,26.1,8,14.1,0.2,0
RJ,Rajasthan,Alwar,6342,1518,4801,23,937,25.4,13.4,13,18,40.2,10.9,2.6,6.7,0.5,0
TN,Tamil Nadu,Tiruchirappalli,6113,966,5053,94,1048,17.9,15.4,31.3,28.7,65.7,25.2,8.1,12.6,0.8,1.6
UP,Uttar Pradesh,Varanasi,6030,2141,3761,128,951,23.8,21.5,18.1,14.1,50.8,19.3,4.5,3.7,0.6,0.3
CT,Chhattisgarh,Raipur,5893,2451,3356,86,1004,26.7,26,17.1,14.8,50.9,22.2,5.6,12.6,0.6,1.9
UP,Uttar Pradesh,Allahabad,5825,2182,3536,107,1034,20.6,27.1,18.1,13.3,55.5,28.8,3.3,2.8,0.6,0
KA,Karnataka,Davanagere,5798,1886,3783,129,951,22.7,18.5,25.8,20.1,46.9,18.9,6.5,13.2,1.3,2.4
UP,Uttar Pradesh,Gorakhpur,5764,2463,3213,88,1098,22.2,25.1,20,17.8,51.7,21.8,7.1,9.2,1.1,2.1
WB,West Bengal,Hugli,5672,1166,4413,93,1055,18.3,18.9,29.9,17.2,63.2,35.1,9.8,12.1,1,1.2
KL,Kerala,Malappuram,5554,2401,3136,13,999,8.8,6.5,34.1,33.4,38.6,12,10.2,14.1,0.5,0.7
MH,Maharashtra,Latur,5533,2582,2742,209,966,25.2,20,19.9,17.8,37.5,12.8,3.6,6.7,0.5,0.6
TN,Tamil Nadu,Viluppuram,5504,759,4694,51,1046,18.6,16.6,24.6,34.1,62.9,32.6,5.7,12.1,0.6,0.6
KA,Karnataka,Raichur,5370,1890,3416,64,1036,20.8,9.3,19.8,27.6,58.7,24.1,5.8,8.2,0.6,1.8
MH,Maharashtra,Dhule,5364,1427,3774,161,920,30.1,25.6,14,16.9,53.5,23.9,5.7,7.7,0.9,1.3
TN,Tamil Nadu,Thanjavur,5130,968,4082,80,1059,15.7,19.1,33.3,31,58.2,21.2,8.6,12.5,0.8,0.5
UP,Uttar Pradesh,Bareilly,5072,1795,3181,96,979,25.4,32.6,20.9,10.6,53.9,25.9,8.2,12.9,0.7,0
TN,Tamil Nadu,Dindigul,5063,894,4074,95,1019,14.1,10.6,26,24.4,51,22.8,6.3,5.6,1.4,0
JH,Jharkhand,Ranchi,5059,2507,2510,42,960,29.1,27.3,16,14.2,64.5,27.6,6.3,4,0.8,1.3
KA,Karnataka,Bijapur,5040,817,4163,60,966,19.5,11.4,18,16.2,41.9,20.5,3.9,5.4,0.7,0.8
AS,Assam,Dibrugarh,5023,2589,2409,25,1035,29.3,26,14.9,15.1,53.7,36.4,4.5,7.2,1.2,1.5
KA,Karnataka,Hassan,5019,1726,3154,139,1077,18.4,18.3,27.9,28.7,47,24.5,8.8,6.8,1,3.4
BR,Bihar,Muzaffarpur,4523,1200,3301,22,1059,33,30.5,10.5,19.3,52.4,34.5,3.7,14.1,0.5,0.8
KA,Karnataka,Bagalkot,4485,1079,3350,56,963,21.3,19.3,16.6,13.6,40.8,13.5,4,4.2,0.7,1.2
OR,Odisha,Cuttack,4469,1430,3017,22,992,19.2,15.3,28.5,25,37.8,18.4,11.5,13.5,1.2,0
TN,Tamil Nadu,Pudukkottai,4449,1370,3012,67,1087,23.5,17.6,24.7,21.2,54.7,21.3,7.2,15.4,0.3,0
KA,Karnataka,Shimoga,4436,2104,2256,76,1041,22.7,31.1,24.8,15.5,48.6,21.8,9,5.9,1.5,3.4
BR,Bihar,Bhagalpur,4414,970,3403,41,1015,26.2,23.8,12.4,9.2,61.6,41.4,3.9,3,0.4,0
PB,Punjab,Jalandhar,4388,1663,2619,106,953,7.4,8.7,26.9,27,53.9,22.4,5.7,6.8,0.3,0.7
BR,Bihar,Begusarai,4304,1409,2882,13,1044,31,25.1,9.9,12.5,59.3,31.6,2.4,4,0.7,0.5
MH,Maharashtra,Nanded,4259,2293,1823,143,1000,29.3,25.9,13.6,13.4,47.5,15.5,2.8,6.4,1.1,1.4
JH,Jharkhand,Purbi Singhbhum,4250,2161,1986,103,1001,20.2,14.8,16.4,13.9,66.6,35,5.1,7.9,0.7,0.6
AS,Assam,Cachar,4241,2726,1498,17,992,31.5,22.9,7.7,9.3,51,28.5,2,1.4,1.2,0.7
WB,West Bengal,Purba Medinipur,4147,1436,2676,35,991,19.4,8.3,20.9,19.2,59,27.2,8.4,14.1,0.6,0
PB,Punjab,Patiala,4135,1526,2522,87,903,9.6,5,35.5,40.6,40.9,17.6,5.4,5.3,1.1,1.8
TN,Tamil Nadu,Ramanathapuram,4113,494,3528,91,1101,19.2,14.4,32.7,27.1,50.3,18.6,6.5,8.7,0.9,0.3
AS,Assam,Nagaon,4040,1529,2506,5,1005,28.5,27.5,17.1,7,38.1,16.5,7.2,6.2,1.4,0.8
WB,West Bengal,Maldah,4032,879,3130,23,1019,23.9,15.4,12,12.5,59,24.3,7.9,13.2,1.2,0
KA,Karnataka,Yadgir,4013,1255,2732,26,977,27.4,17.5,12.9,10.9,47.7,13.8,6.8,8.4,0.6,1.5
BR,Bihar,Nalanda,3948,806,3117,25,1037,30.7,25.2,10.2,10.6,61.6,19.1,2.9,4,0.3,0.9
RJ,Rajasthan,Kota,3875,2058,1761,56,942,26.4,26.5,20.6,16.3,59.6,30.6,4.6,7.7,0.4,1.1
KL,Kerala,Ernakulam,3857,1477,2348,25,1076,7.3,7.4,34.5,38.9,37.6,6.9,8.7,17,0.6,0
BR,Bihar,Purba Champaran,3828,1519,2286,23,1064,28.9,24.9,10.2,10.9,54.7,24.1,5.8,10.8,0.5,0
MH,Maharashtra,Osmanabad,3813,1668,2043,102,961,21.9,20.6,19.4,21.5,36.4,15,4.6,6.5,0.7,0.8
BR,Bihar,Gaya,3812,772,3001,39,1076,36.1,23.1,11.1,17.9,61.8,25.7,4,5.1,0.6,0.7
KA,Karnataka,Koppal,3811,1261,2486,64,980,26.9,21.4,12,20.2,45.6,16.2,5.4,9.3,0.8,0.6
MH,Maharashtra,Amravati,3768,1080,2587,101,979,26.8,20.2,18.7,21.3,42.8,19.4,5.9,7.9,1.2,2.7
WB,West Bengal,Darjiling,3757,752,2952,53,992,15.4,8.6,23.6,21.1,48.3,9.3,3.8,7.7,1.6,2.8
KA,Karnataka,Bidar,3748,1057,2571,116,1018,26,24.8,15.9,17,44.3,19.2,3.9,7.2,0.4,0.8
AS,Assam,Kamrup,3748,1661,2074,13,1002,18.9,10.3,14.6,12.3,51.1,34.5,4,2.8,1,0
BR,Bihar,Rohtas,3739,723,2988,28,1029,26.9,28.4,15.5,9.5,62,14.7,5.1,5.3,0.7,0.6
BR,Bihar,Katihar,3727,1099,2624,4,1039,32.4,21.9,8,6.3,63.8,33.3,5.2,5.3,0.5,0.9
KA,Karnataka,Bangalore Rural,3651,722,2909,20,994,21.3,16.7,24.5,22.3,46.2,22.9,6.7,5.9,1.1,2.1
KA,Karnataka,Mandya,3554,1403,2112,39,1048,18.2,13.8,26.6,20.7,46.2,13.9,7.3,6.4,0.2,1.3
KL,Kerala,Alappuzha,3551,1459,2077,9,1101,12.4,12,37.7,22.1,27,15.3,10.1,14.2,0.4,0
KA,Karnataka,Tumkur,3548,1197,2250,101,1003,20.3,17.3,22.3,19.3,52.7,19.6,6.7,8.9,1,0.8
HR,Haryana,Sonipat,3532,352,3140,40,830,14.1,4.3,31.3,31.5,66.5,23.7,4.5,3.7,0.9,0.4
MP,Madhya Pradesh,Gwalior,3492,697,2770,25,887,22.2,24.5,14.1,11.1,57.4,35,3.6,5.7,0.4,0.7
RJ,Rajasthan,Bikaner,3480,653,2763,64,957,23.7,19.1,15.4,13.2,43,12,3.9,5.3,0.4,0.7
TN,Tamil Nadu,Sivaganga,3478,405,2986,87,1197,20.1,20.3,28.4,24.9,54,14.1,7,7.7,0.5,1.9
OR,Odisha,Sundargarh,3477,1181,2268,28,1041,27.2,15.2,13.6,13.8,71.4,39.6,5.6,8.9,0.9,1.4
BR,Bihar,Saran,3465,1005,2444,16,1075,23.9,23.7,18.1,18.5,53.9,22,5.6,8.7,1.2,1.6
GJ,Gujarat,Rajkot,3462,1549,1844,69,916,17.4,16.1,36.1,22.3,52.6,18.5,6.3,6.1,0.7,0
KA,Karnataka,Uttara Kannada,3441,919,2488,34,1056,31.7,29.9,20.4,16.5,41.9,12.4,6.1,12.8,1.1,1.2
RJ,Rajasthan,Pali,3440,330,3073,37,1056,32.6,21.1,14.5,13.3,49,16.8,3.7,2.1,0.5,0
KL,Kerala,Kasaragod,3401,914,2463,21,1041,13,8.6,27.5,24.4,35,7.9,7.7,9.8,1,1.4
AS,Assam,Tinsukia,3366,1550,1798,18,989,35.8,35.6,12.6,16,49.6,26.8,3.9,8.6,2.5,0.5
KL,Kerala,Palakkad,3364,952,2407,3,972,13.5,9.9,32.1,27,42.2,16.4,7.7,11.5,0.3,1.7
MH,Maharashtra,Jalna,3349,1337,1898,114,950,29.1,24.3,15.5,20.3,43.9,11.4,2.5,2.2,0.6,0
RJ,Rajasthan,Bharatpur,3341,440,2836,65,970,25.1,26,14.4,12.5,41.6,12.3,3.1,4.7,0.9,0.6
KA,Karnataka,Gadag,3341,1144,2138,59,964,21.1,15,11.7,24.2,41.1,19.4,3.6,6.4,1,0.5
AS,Assam,Jorhat,3338,1576,1752,10,980,29.8,18.3,10.6,10.4,42.6,20.6,5.6,8,1.2,3.1
KL,Kerala,Kozhikode,3319,1287,2010,18,1033,12.3,14.4,27.1,16.4,42.9,19.5,9.9,19.6,0.3,0
BR,Bihar,Madhubani,3300,1337,1959,4,1147,32,23.1,8.9,10.4,61.1,38.1,2.4,3.4,0.8,0
UP,Uttar Pradesh,Jhansi,3296,678,2531,87,946,23.9,15.8,16,9.9,55.1,13.7,4.5,4.2,0.4,0.9
MH,Maharashtra,Akola,3287,422,2723,141,975,25.1,18.9,20.6,18,38.7,20,5.3,8.9,1.3,1
UP,Uttar Pradesh,Ballia,3217,909,2274,34,1064,21.6,26.3,16.9,13.6,48.6,26.3,4.9,8,0.8,0
RJ,Rajasthan,Ajmer,3215,535,2618,62,953,24.7,18.7,16.8,18.5,53.4,12.7,5.7,7.1,0.2,1.1
UP,Uttar Pradesh,Moradabad,3200,871,2248,81,973,28.4,28.2,17.8,14.1,62,19.7,6.6,10.2,0.5,0.2
UT,Uttarakhand,Hardwar,3167,1137,2004,16,929,20.7,17.1,24,19.3,55.3,18.6,6.5,9.7,1.2,0.4
GA,Goa,South  Goa,3156,2120,958,78,1000,12.9,10,31.8,31.9,28.7,8.9,8.3,14.8,0.4,0
UP,Uttar Pradesh,Jaunpur,3127,488,2599,40,1115,29,21.3,14.7,16.1,51.7,23.1,3.9,4.4,0.7,0
UP,Uttar Pradesh,Meerut,3065,624,2318,123,930,18.8,19.1,29.9,19.9,59.9,16.5,6,6,0.8,0.3
BR,Bihar,Vaishali,3033,609,2402,21,1023,28.9,26.2,13.9,14.7,62.2,35.6,4.3,6.3,0.3,0
KA,Karnataka,Chikkaballapura,3019,543,2425,50,1023,24.8,24.7,22.9,20.8,54,22.8,6.6,5.6,0.3,1.5
MH,Maharashtra,Ratnagiri,3010,1283,1621,106,1134,31.7,26.9,16.6,23.4,47.3,20.6,5.8,10.6,0.6,0
BR,Bihar,Purnia,3006,811,2191,4,1091,38.8,32,8.7,7.5,68.8,33.6,4,4.2,0.4,0.6
BR,Bihar,Bhojpur,2939,705,2213,21,1033,24.1,18.7,14.4,13.7,61.1,37.7,4.2,7,0.5,1
BR,Bihar,Pashchim Champaran,2882,792,2075,15,936,27,26.2,13.6,13.9,58.5,26,4.2,6.2,0.8,0.7
PB,Punjab,Amritsar,2869,481,2273,115,916,11,6.4,30.3,33.1,53.3,24.4,4.9,5.6,1.1,2.7
MH,Maharashtra,Bid,2825,1797,961,67,933,22.9,27.8,18.6,13.8,36.5,9.9,4.9,0.9,0.7,0
BR,Bihar,Samastipur,2738,529,2194,15,1063,29.7,30.8,8.4,5.6,59.4,38.5,2.4,11.8,0.5,0
UP,Uttar Pradesh,Aligarh,2732,1016,1689,27,932,22.7,21.2,18.7,13.2,56.1,29.2,4.5,12,0.4,0.5
KL,Kerala,Kollam,2709,660,2035,11,1043,6.7,10.6,38.2,30.6,25.5,14.1,9.4,10.4,0.5,0.5
HR,Haryana,Ambala,2703,340,2341,22,846,11.1,11.4,12.7,12.3,68.6,25.5,4.4,5.1,0.6,1
HR,Haryana,Rewari,2640,303,2323,14,894,21.4,14.4,20.1,16.8,65.1,17,6.6,11.4,0.5,1.2
KA,Karnataka,Haveri,2636,865,1713,58,906,21.5,19.6,19.6,15,52.7,15.3,5.1,5.4,1,0.7
UP,Uttar Pradesh,Deoria,2625,795,1810,20,1156,25.7,21.6,17.3,13.1,57.1,30.1,7.3,6.2,0.1,0.8
WB,West Bengal,Dakshin Dinajpur,2620,767,1835,18,1023,24.9,9.8,12,11.4,77,46,5.5,7.7,0.9,0
KL,Kerala,Thrissur,2594,650,1931,10,1075,8.2,8.4,28.1,26.4,42.1,11.6,5,6.8,0.7,0.7
KA,Karnataka,Kolar,2586,896,1644,46,961,23.5,26.1,23.6,21.3,44.9,15.7,6.4,10.9,0.6,0.9
MP,Madhya Pradesh,Jabalpur,2574,762,1758,54,955,23.3,25.3,21,15.3,49.6,20.2,5.3,8,0.9,0.6
BR,Bihar,Siwan,2570,527,2030,13,1119,24.2,17.4,17,15.3,60.5,35.5,4.7,10.1,0.4,0.7
BR,Bihar,Buxer,2564,761,1796,7,1034,24.7,19.5,17.2,13.5,51.3,24.2,4,5,0.4,1.2
OR,Odisha,Rayagada,2557,1111,1429,17,1074,33.1,30.4,10,11.6,55.4,29.3,7.1,11.2,0.4,0
UT,Uttarakhand,Dehradun,2537,572,1847,91,936,16.2,9,24.4,21.6,41.9,14.5,5.7,8.5,0.9,1.1
MH,Maharashtra,Buldana,2507,849,1591,67,953,28,25.4,16.8,11.4,41,8.6,3.5,3.1,0.8,0
WB,West Bengal,Nadia,2499,775,1698,26,1015,11.9,15.6,24.9,11.6,57.1,27.4,7.1,12.2,0.8,0.7
JK,Jammu and Kashmir,Baramula,2475,642,1745,88,925,14.4,6.1,24.5,21.7,44.9,10.8,3.7,3.8,0.5,1.5
OR,Odisha,Gajapati,2435,466,1952,17,1026,22.1,16.8,11.2,13.7,58.5,33.6,6,4.8,0.3,0
TN,Tamil Nadu,Thiruvarur,2431,387,2018,26,1072,19.8,23.7,29.2,24.6,58.5,21.4,7,10,1,2.6
WB,West Bengal,Paschim Medinipur,2430,862,1543,25,1050,29.9,26.6,15.6,12.4,67,36.1,6.7,11.2,0.5,0
KA,Karnataka,Chikmagalur,2423,825,1549,49,1059,24.9,20.5,23.5,16.9,42.2,12.7,8.3,10,0.8,0
BR,Bihar,Saharsa,2408,961,1446,1,1044,34.6,25.6,7.7,6.1,60.4,38.9,3.8,3.8,0.4,0
OR,Odisha,Baleshwar,2398,913,1472,13,1089,25.4,15.5,15.8,22.8,41.1,21.4,7.7,16.2,1.1,0
AS,Assam,Golaghat,2387,728,1656,3,1016,26.8,22.5,12.8,13.6,45.5,33.5,6.6,13.8,1.5,0.9
UT,Uttarakhand,Udham Singh Nagar,2387,857,1518,11,941,19.1,20.2,24.8,17.9,52.3,17.5,7.4,10.7,1.3,1.9
UP,Uttar Pradesh,Agra,2360,312,1944,104,941,19.3,18.1,21.5,18.9,43.1,17.9,3.2,4.9,0.3,0.6
AS,Assam,Sonitpur,2351,621,1727,3,1005,20.8,19.2,12.9,13.4,48.4,29.9,5.9,8.2,1.4,4.4
WB,West Bengal,Jalpaiguri,2334,550,1761,23,969,26.1,17.4,14.8,10.6,67,39.9,6.3,6.1,1.7,2.8
UP,Uttar Pradesh,Azamgarh,2326,865,1426,35,1135,26.6,24.4,16.3,17,59.3,33.4,4.9,6.1,0.6,0.9
OR,Odisha,Jajapur,2310,627,1678,5,1020,28.4,21,17.5,9.4,43.3,18.8,8.5,9.8,0.4,0.8
HR,Haryana,Panipat,2305,713,1558,34,846,10.4,5.5,25.8,26.1,66.2,8.7,8.6,9,0.4,0
UP,Uttar Pradesh,Bara Banki,2295,731,1547,17,1022,28.5,26.3,13.8,11.4,38.2,16.5,4,5.6,0.4,0
UP,Uttar Pradesh,Saharanpur,2294,985,1278,31,954,27.9,25.6,19.7,17.6,61.3,18.8,6.7,6.6,0.7,0.4
GA,Goa,North Goa,2284,1738,508,38,1030,15.9,11.3,34.6,33,33,12.4,9.3,10.7,1,0.1
KA,Karnataka,Ramanagara,2281,783,1481,17,1016,22.4,14.8,22.8,37.8,47.5,20.6,5.5,4.2,0.8,1.7
KL,Kerala,Kottayam,2269,689,1578,2,1029,5.3,5.1,31.5,33.6,28.8,6.8,11.8,15.8,0,0
HR,Haryana,Rohtak,2244,409,1809,26,916,16.1,10.7,21.6,14.8,57.8,16,4.5,6,1,0.9
KL,Kerala,Kannur,2235,574,1642,17,1092,9.7,6,30.1,30.1,37.3,7.4,7.5,15,0.4,1.3
UP,Uttar Pradesh,Ghazipur,2209,661,1533,15,1112,27.4,24.5,13.4,19.4,61.9,33.6,4.3,5.8,0.5,0.5
WB,West Bengal,Murshidabad,2196,791,1379,26,1083,21.1,19.7,14.8,11.4,57.5,28.6,5.6,9.7,0.3,0
TR,Tripura,West Tripura,2188,880,1273,28,996,15.9,12.7,18.4,18.6,54.8,22.8,8.6,10.2,1.6,0.3
UP,Uttar Pradesh,Shahjahanpur,2180,866,1289,25,952,30,39.4,17,7.4,60.8,23.2,6,11,0.6,1.2
MH,Maharashtra,Yavatmal,2166,771,1345,50,969,29,25.8,13,14.4,46.9,21.2,3.5,5.3,0.6,0
GJ,Gujarat,Bhavnagar,2165,351,1777,37,944,21.5,17.4,28,23.7,54,20.4,6.9,11,0.9,1.9
UP,Uttar Pradesh,Rampur,2150,671,1459,20,986,28,29.3,16,11,58.7,21.1,7.2,14.2,0.7,0.7
OR,Odisha,Puri,2135,922,1201,12,996,15.5,14.5,25.3,25.6,44.3,16.1,9.6,13.7,0.7,0.8
BR,Bihar,Aurangabad,2126,717,1403,6,1084,30.9,32.1,12.2,21,54.3,16.5,5.4,17.6,0.8,0
JK,Jammu and Kashmir,Pulwama,2122,431,1651,40,948,9.1,10.4,34,22.6,48.8,17.5,3.3,4.7,1.1,0.9
KL,Kerala,Pathanamthitta,2115,361,1750,2,1105,10.5,7.6,39.7,35.9,22.4,6.7,11.1,7.9,1.3,2.3
BR,Bihar,Gopalganj,2100,554,1544,2,1160,25.7,24.3,16.1,22.2,58.8,26.1,5.9,3.1,1.2,1.9
BR,Bihar,Sitamarhi,2092,728,1359,5,1103,33.6,34.2,8.9,7.5,59.9,36,4.3,6.7,0.6,0
OR,Odisha,Koraput,2085,854,1229,2,1019,34.5,24.7,10.2,18.3,63.3,40,5.2,12.3,0.5,0.9
BR,Bihar,Munger,2074,569,1477,28,970,28.8,31.1,16.1,17.2,66.1,37.2,3.9,8.4,0.3,0
BR,Bihar,Araria,2063,869,1184,10,1110,38.3,39,6.2,6.2,65.6,56,4.2,6.7,0.7,0
WB,West Bengal,Barddhaman,2059,561,1486,12,1013,24,26,17,12.2,63.3,24,7.5,7.3,0.6,0
UP,Uttar Pradesh,Kushinagar,2054,916,1128,10,1094,27.7,27.4,13.6,8.5,50.8,25.9,4.1,6.4,0.9,0.8
RJ,Rajasthan,Sikar,2034,405,1616,13,1015,23.2,15.1,18.4,13.6,32.8,7.3,3.9,3.8,0.4,1.5
JK,Jammu and Kashmir,Jammu,2033,739,1265,29,966,14.1,14.4,36.9,28.4,35.6,15.9,7.5,11.5,0.9,2.7
RJ,Rajasthan,Nagaur,2020,266,1715,39,1011,25.2,15,14.1,11.6,38.2,7.8,3,1.8,0.6,0
GJ,Gujarat,Gandhinagar,2011,251,1712,48,931,30.5,27.1,22.1,19.2,65.8,37.9,4.7,7.1,1.2,1.4
BR,Bihar,Khagaria,1996,353,1637,6,1043,31.1,21.9,10.7,13.3,59.8,29.6,3.2,4.4,0.4,0.7
RJ,Rajasthan,Barmer,1990,313,1660,17,980,26.1,29.8,11.7,15,42.7,19.4,3,3.7,0.7,0
PB,Punjab,Sahibzada Ajit Singh Nagar,1990,1027,925,38,864,13.6,18.7,39.4,39.1,59.6,20.7,5.4,11.7,0.5,1.6
RJ,Rajasthan,Udaipur,1988,375,1593,20,1043,37.7,38.7,10.4,12.7,69.7,29.1,2.3,6.8,0.4,0
UP,Uttar Pradesh,Basti,1968,923,1001,44,1086,24.6,29.3,15.5,8.5,55.7,24.1,12.5,10.5,0.6,0
AS,Assam,Darrang,1967,229,1730,8,977,27.3,25.8,9.6,5.6,45.1,33.8,5.5,9.1,1,1.4
BR,Bihar,Jehanabad,1942,668,1267,7,1103,30.6,27.2,10.9,11.4,56.7,23.9,5.1,5.9,0.4,0
TN,Tamil Nadu,Ariyalur,1941,642,1280,19,1048,16.9,15.9,21.4,28.9,56.8,22,8.1,14,0.3,0.9
BR,Bihar,Supaul,1928,478,1443,7,1123,38.6,28.8,5.6,9.6,68.1,45.9,4.2,5,0.5,0
RJ,Rajasthan,Dhaulpur,1923,487,1417,19,916,29.8,24.5,10.3,9.5,46.5,16.2,2.5,5.7,0.4,0
BR,Bihar,Nawada,1902,268,1622,12,1169,33.6,28.8,11,8.7,58.8,28.9,5,7.6,0.6,0
MP,Madhya Pradesh,Morena,1898,108,1779,11,895,27.5,30.4,14.1,10,56,28.8,2.4,5.1,0.3,0
UT,Uttarakhand,Nainital,1882,572,1278,31,1005,17.2,18.6,27.2,21.3,38.4,15.2,7.3,8.8,0.9,0
JK,Jammu and Kashmir,Anantnag,1857,358,1456,43,999,8.8,10.7,33.1,14.9,26.8,11.2,7.5,3.8,0.9,0.4
BR,Bihar,Darbhanga,1837,592,1232,13,1145,31.2,24.3,11.9,13.8,66.1,38.8,4.7,2.4,0.8,0.9
JK,Jammu and Kashmir,Badgam,1834,490,1300,44,989,10.9,9.7,31.4,15.3,53.6,11.8,6.8,3.1,0.6,0.7
WB,West Bengal,Uttar Dinajpur,1824,457,1352,15,1023,25.7,17.4,11.1,8,62.1,38,5.8,5.7,0.7,0.8
WB,West Bengal,Koch Bihar,1818,421,1396,1,1008,24.8,19.8,9.7,9.5,69.1,40.7,7.1,6.5,0.7,1.7
UP,Uttar Pradesh,Hardoi,1816,441,1356,19,945,30.6,33.2,12.2,4.1,33.8,18.5,4.3,6.9,0.3,0
UP,Uttar Pradesh,Bulandshahr,1814,324,1451,39,1002,21.6,24.9,19.3,13.7,56.2,28.3,3.7,4.4,0.5,1.6
JH,Jharkhand,Dhanbad,1810,630,1155,25,947,30.9,23.9,14.7,10.5,63.6,31.4,6.3,7.9,0.5,0
HR,Haryana,Karnal,1737,501,1218,18,881,12.9,6.4,26.3,27.5,67,14.6,4,8.5,0.2,0
OR,Odisha,Bhadrak,1733,788,935,10,1074,30.3,19.7,13.9,22.5,43.5,22,11.5,13.7,0.3,1
UP,Uttar Pradesh,Maharajganj,1729,537,1174,18,1093,28.5,24.2,14,8.9,48.1,28.6,9.8,13.8,0.9,0
JK,Jammu and Kashmir,Kulgam,1728,210,1487,31,982,7.9,8.3,31.4,15.5,42.3,11.1,5.7,6.3,1.5,1.1
AS,Assam,Dhubri,1723,507,1215,1,957,30.8,13.1,9.4,16.2,52.5,26.4,3.2,3.5,1.1,0
UP,Uttar Pradesh,Sultanpur,1702,666,1009,27,1078,30.4,24.9,14.3,12.6,57.2,25.2,3.6,8,0.3,0
NL,Nagaland,Dimapur,1694,1074,611,7,1032,13.4,16.6,22.6,13.7,25.2,12.5,6.6,9.3,2.1,1.5
UP,Uttar Pradesh,Siddharthnagar,1690,681,995,14,1117,27.7,41.5,13.2,10.1,56.6,44.3,9.4,15.7,1,0.9
TN,Tamil Nadu,Krishnagiri,1688,326,1336,26,1009,18.1,18.1,24.4,21,47.4,25.8,6.3,7,0.5,1.4
KA,Karnataka,Chamarajanagar,1666,390,1246,22,1068,26.1,18,17.3,18.8,44.5,23.1,5.3,10.1,1.9,1.1
OR,Odisha,Nayagarh,1651,732,908,11,1009,16.4,17.5,22.8,21.6,39.8,19.2,7.6,15.4,0.3,0
TN,Tamil Nadu,Nagapattinam,1650,692,940,18,1071,22.7,14.4,26.9,27,51.6,15.9,8.3,5.3,0.7,2.2
UP,Uttar Pradesh,Mathura,1649,598,1011,40,903,18.1,18.5,22.3,18.5,45.1,22.4,3.5,8.5,0.5,0.5
TN,Tamil Nadu,Tiruppur,1647,491,1108,48,986,11.9,9,28,26.3,58.6,24.4,4.2,8.2,0.3,1.6
TN,Tamil Nadu,Erode,1640,693,920,27,1001,10.7,13.6,27.4,24.1,47.6,16.7,5.1,13,0.1,2.7
JK,Jammu and Kashmir,Kupwara,1637,467,1134,36,972,15.9,19.4,20.5,15.5,59,14.3,5.2,6.3,0.9,0.3
CT,Chhattisgarh,Durg,1631,740,870,21,997,24.1,34.8,18.6,13.8,49.1,20,8.1,11.7,0.6,0.9
UP,Uttar Pradesh,Pilibhit,1623,554,1057,12,937,29.2,36.5,15.2,9.7,57.1,21.3,8.3,15.1,0.5,0
MH,Maharashtra,Parbhani,1618,993,572,53,1006,31.4,26.4,14,13.5,46.4,15.9,4.1,8.7,0.5,2.8
UP,Uttar Pradesh,Sant Kabir Nagar,1613,269,1328,16,1137,26.4,21.7,13.5,18,50.9,22.3,7.7,7.8,0.7,0
OR,Odisha,Mayurbhanj,1601,725,870,6,1032,31.6,16.4,8.6,16.4,42.4,23.4,7.9,9.6,1.1,0
OR,Odisha,Sambalpur,1600,582,1010,8,1027,28.1,21.4,16.8,15.5,73,45,6.9,9.1,0.6,0.8
PB,Punjab,Sangrur,1597,279,1258,60,893,14.8,9.2,30.3,28.3,47.1,15.9,4.7,6.4,1.1,1.1
OR,Odisha,Kandhamal,1590,572,1011,7,1070,28.1,23.8,8.2,7,52.7,27.9,3.5,6.6,0.5,0.7
UP,Uttar Pradesh,Gonda,1587,465,1100,22,1057,29,28.2,12.7,7.1,54.4,31.7,9,10,0.7,0.7
JK,Jammu and Kashmir,Shupiyan,1579,96,1458,25,975,9.3,9.1,31.3,15.3,38.8,10.2,7.5,4.2,0.9,0.9
KA,Karnataka,Chitradurga,1560,516,1030,14,946,22.7,17.6,13.1,20.2,43.7,24.5,5.1,7.2,0.5,0.6
BR,Bihar,Madhepura,1556,479,1072,5,1130,32.9,31.3,8.3,12,57.5,30.5,4.6,5.7,0.4,0
GJ,Gujarat,Jamnagar,1540,481,1035,24,952,19.5,12.8,29.4,21.1,63.8,23,6,5.8,0.3,0
JK,Jammu and Kashmir,Bandipore,1535,762,751,22,1050,9.6,7.6,34.1,18.3,43.3,14,5.2,5.2,1.1,0.3
RJ,Rajasthan,Bhilwara,1512,601,901,10,1000,24.3,23.1,14.1,10.2,56,24.3,3,6.7,0.4,0
UP,Uttar Pradesh,Chandauli,1510,390,1107,13,1005,27.4,17.5,14.1,10.7,63.9,37.9,3.8,7.7,0.5,0
BR,Bihar,Sheikhpura,1494,471,1020,3,1104,35.6,27,10.7,8.9,66.8,35.2,3.3,4.7,0.1,1.6
OR,Odisha,Malkangiri,1475,520,949,6,1027,45.9,26,6.2,6.7,71.3,47.2,4.9,8.5,0.4,2.4
MP,Madhya Pradesh,Ujjain,1464,201,1187,76,968,26.4,23.1,17.5,11.4,47.4,18.2,7.4,7.4,0.9,0.5
UP,Uttar Pradesh,Unnao,1464,424,1013,27,1011,26.5,33.1,13.2,5.3,36,21.2,2.9,4.9,0.2,0.7
BR,Bihar,Kishanganj,1463,396,1061,6,1086,34.5,16.9,6.1,7.4,67.6,42.6,4.7,13.7,0.7,2.6
UP,Uttar Pradesh,Bahraich,1449,532,898,19,988,35.1,30.2,10.5,12.9,52.7,29.9,7.8,14.2,1.2,0.9
BR,Bihar,Lakhisarai,1405,372,1029,4,1013,27.6,15.8,11.5,10.7,62.1,55,2.7,4.6,0.2,0
GJ,Gujarat,Junagadh,1398,287,1089,22,974,16.9,16.3,25.5,21.3,59.7,21.3,5.1,9.5,0.5,0.3
AS,Assam,Hailakandi,1387,267,1116,4,962,33.2,18.6,7.4,6.9,47.2,27.2,4.3,3.9,0.9,0.6
PB,Punjab,Bathinda,1380,630,734,16,914,12.3,8.9,23.8,26,45.8,21.8,4.6,5.4,0.6,0.8
BR,Bihar,Banka,1378,317,1057,4,1006,32,25.8,6.2,13.4,67,43.1,3.8,7.6,0.3,0.7
HR,Haryana,Hisar,1369,213,1145,11,883,14.9,9.9,17.8,20.7,59.5,30.2,3,5.4,0.2,0.8
UP,Uttar Pradesh,Kannauj,1344,241,1094,9,988,23.4,30.5,13.5,10.1,25.9,17.8,2.8,5.7,0.6,0
OR,Odisha,Kendujhar,1335,267,1061,7,1065,28.9,19.9,13.9,22.9,40.5,18.8,7.8,4.6,1.5,1.7
UP,Uttar Pradesh,Muzaffarnagar,1331,363,944,24,983,21.2,26.4,21.7,11,64.6,23.3,6.5,9.2,0.3,0
TN,Tamil Nadu,Namakkal,1326,331,970,25,1008,10.8,11,24.7,24.4,49.1,15.2,6.7,6.5,0.4,1.3
GJ,Gujarat,Mahesena,1323,498,799,26,920,26.8,27.6,22.7,17.9,61.9,34.6,6.4,8.8,0.8,0
UP,Uttar Pradesh,Mirzapur,1323,344,956,23,955,28.2,24.5,13.3,9.9,55.4,33.6,2.9,6.1,0,0
BR,Bihar,Jamui,1320,180,1134,6,1036,37.5,25.6,7,11.6,61.9,32.3,2.9,3.8,0.3,0
HR,Haryana,Palwal,1316,105,1201,10,880,16.9,12.2,19.1,24.7,60.2,11.9,5.3,4.6,0.8,2.3
RJ,Rajasthan,Jalor,1310,53,1248,9,957,31.2,27.3,9.3,9.6,58.7,27.4,3.8,6.1,0.5,1.1
KL,Kerala,Idukki,1305,255,1046,3,965,10.2,9.9,28.9,26.2,25.7,12,9.5,14.6,0.1,1.7
WB,West Bengal,Birbhum,1296,276,1010,10,968,30.3,31.6,10.3,4.5,63.8,20.8,5,12,1,1.3
UP,Uttar Pradesh,Sitapur,1284,659,621,4,912,35.8,41.7,9.6,4.3,38.8,21.8,4.3,3.4,1.1,0.7
UP,Uttar Pradesh,Etawah,1276,353,893,30,935,22.7,16.3,18.5,12.5,28.2,11.1,4.2,5.3,0.6,0
MH,Maharashtra,Washim,1273,382,870,21,949,26.6,17,11.4,18.5,35.5,20.3,4,8.9,0.7,1.5
HR,Haryana,Panchkula,1267,398,861,8,780,6.8,7.2,22.9,10.9,55.4,29.3,5.4,5.8,0.4,0.6
AS,Assam,Lakhimpur,1266,130,1135,1,1044,21,8,15.5,22.8,39,26.2,7.1,12.6,1,1.6
CT,Chhattisgarh,Rajnandgaon,1258,318,933,7,1028,16.3,13.7,7,5.4,43.7,16.8,3.6,5.5,0.2,0.4
GJ,Gujarat,Bharuch,1249,291,947,11,973,31.3,23.7,23.7,16.5,52,15.1,8.1,6.3,1.8,0.8
MH,Maharashtra,Nandurbar,1221,356,809,56,1019,42.4,36.7,9.7,8.1,60.2,33.6,3.7,4.9,0.5,0.4
JH,Jharkhand,Giridih,1218,161,1051,6,1083,34.6,19,7,10.8,68.5,27.3,3.8,5.5,0.4,0
HR,Haryana,Mahendragarh,1216,368,847,1,876,19.2,14.7,14.4,11.9,63.5,34.1,2.8,4.3,0.4,0.4
PB,Punjab,Gurdaspur,1215,301,884,30,898,11.3,20.1,31.6,22.1,54.3,27.6,7.5,5.3,0.3,0.7
KL,Kerala,Wayanad,1194,336,855,3,1065,12.2,5.6,24.4,34.6,32.3,12.1,11.9,20.5,0,1.6
MP,Madhya Pradesh,Khargone (West Nimar),1166,218,925,23,964,36.8,29,11.3,11.7,57.8,28.4,4.7,4.5,1,0.9
UP,Uttar Pradesh,Bijnor,1157,286,858,13,1025,24.7,29.2,20.1,9.8,58.2,24.7,5.6,11,0.4,0.6
UP,Uttar Pradesh,Sonbhadra,1154,367,780,7,936,24.6,28.5,13.2,6.9,60.5,37.4,4.1,5.7,0,1.3
JH,Jharkhand,Palamu,1141,381,756,4,998,30.5,28.7,11.6,12.7,53.6,23.9,3.1,4.8,1.2,1.8
UP,Uttar Pradesh,Pratapgarh,1139,451,667,21,1122,28.1,21.9,12,10.1,51.4,23.6,2.7,7.1,0.2,0.9
UP,Uttar Pradesh,Mainpuri,1129,206,904,19,983,21.4,24.7,14.3,9.7,27,12.5,2.9,4.8,0.8,1.5
JH,Jharkhand,Hazaribagh,1127,323,788,16,1004,32.4,21.5,9.5,12.1,60.8,17.9,4.2,9.7,0.5,0
AS,Assam,Barpeta,1121,96,1024,1,982,26.5,29.8,12,14.3,35.5,18.7,5.4,6.3,1.5,1.5
AS,Assam,Bongaigaon,1113,277,834,2,951,19.2,10.7,13.4,18.7,48,23.4,4.1,5.9,1.2,0.7
CT,Chhattisgarh,Bilaspur,1107,302,797,8,1013,13.5,15,10,10.3,39.1,24.5,3.3,4.7,0.6,0.5
TN,Tamil Nadu,Karur,1094,294,778,22,1056,14.9,15.3,31.4,26.8,56,17.5,7.7,14.6,0.6,2.4
PB,Punjab,Firozpur,1092,590,485,17,890,13.7,7.1,27.5,25.1,57,20.6,8.2,13.4,0.4,2.2
TN,Tamil Nadu,The Nilgiris,1089,133,952,4,1056,12.7,9.7,23.2,16.5,50.7,28.6,6.8,10.6,1.4,0
MH,Maharashtra,Chandrapur,1081,415,657,9,961,29.9,29.7,12.2,17.4,48.7,15.9,4.1,7.6,0.3,1.7
AR,Arunachal Pradesh,Papumpare,1075,139,935,1,978,9.5,10.5,26.5,27.3,44,15.2,4.6,6.2,2.5,1.8
UP,Uttar Pradesh,Firozabad,1073,188,841,44,961,21.8,24,15.6,11.8,34.1,16,4,6.3,0.4,0.8
RJ,Rajasthan,Sirohi,1069,90,968,11,999,34.2,23.7,10.1,9.6,59.8,41.2,3,4.6,0.4,0
GJ,Gujarat,Surendranagar,1069,342,717,10,954,25.7,24.3,20.6,18.2,61.5,25,5,4.6,0.6,0.9
BR,Bihar,Arwal,1068,278,785,5,1145,30.8,28.2,7.8,6.8,57.4,33.1,4.3,7.6,0.2,0.7
BR,Bihar,Kaimur (Bhabua),1050,223,818,9,1027,28.6,26.6,13.7,15.5,57.8,15.7,6.3,5.9,0.2,0
TN,Tamil Nadu,Dharmapuri,1046,184,851,11,1018,15.7,9.3,25.4,22.3,59.1,25.6,8.2,7.5,0.7,2.1
MH,Maharashtra,Hingoli,1042,254,764,24,1002,29,24.5,13.9,7.4,42,13.4,4.4,6.9,0.4,1.2
LA,Ladakh,Kargil,1028,248,770,10,970,15.6,13.9,13.6,10.9,29.7,4.1,1,2.1,0.5,0.2
AS,Assam,Karimganj,1025,59,955,11,986,30.3,23.8,10.5,11.8,42.2,18.1,5.3,4,0.8,4.2
UP,Uttar Pradesh,Rae Bareli,1023,300,703,20,1049,25.4,32,11,7,46.6,24.7,2.6,4.4,0.4,0
SK,Sikkim,East,1020,352,666,2,957,7.9,2.4,30.8,36.8,34.4,13.1,7.4,8.2,2.2,3.8
OR,Odisha,Balangir,1011,375,635,1,1033,31.8,20.6,10.9,11.4,61.1,37.1,6.6,9.6,0.3,0.8
HR,Haryana,Jhajjar,1011,88,909,14,894,12.4,12.1,21.6,14.4,61.1,18.3,5.2,5.2,0.7,0.7
HR,Haryana,Kurukshetra,1011,374,620,17,892,9.2,3.9,19.6,18.8,54.6,25.9,2.9,4.9,0.3,0.6
TN,Tamil Nadu,Perambalur,1010,216,781,13,1131,17.1,18.8,27.8,21.7,59.3,21.2,8.6,14.2,0.7,2.3
OR,Odisha,Bargarh,1001,376,620,5,1020,31.1,13.8,14.5,17.3,68.5,35,5.4,9.2,1,0
GJ,Gujarat,Panchmahal,996,420,560,16,1064,46.7,37.2,10.1,12.8,50.4,18.1,5.7,5.8,0.7,1.1
KA,Karnataka,Kodagu,993,328,653,12,1114,19.6,23.1,26.2,24.2,37.2,10.6,7.6,7.2,1.7,0.9
MP,Madhya Pradesh,Barwani,988,126,852,10,1009,40.8,39.7,10.8,9.9,65.8,44.1,5.7,6.3,0.4,0
JK,Jammu and Kashmir,Ganderbal,987,463,510,14,969,9,11.5,33.8,18.4,42.4,14,5.6,5.7,0.9,1.2
OR,Odisha,Dhenkanal,984,333,650,1,1026,25.6,23.3,18.8,16.2,39.4,31.3,8.7,16.3,0.3,0
LA,Ladakh,Leh(Ladakh),982,350,625,7,1035,5.2,7.5,19.2,29.8,33.6,5.1,2.1,1.8,0.5,2.2
HP,Himachal Pradesh,Solan,982,313,641,1,931,15.5,24.5,32.7,18.4,67.5,27.6,5.7,8.7,0.9,1.1
UP,Uttar Pradesh,Fatehpur,979,286,677,16,1008,31,22.1,10,9,40.2,22.8,2.2,4.6,0.9,0
UP,Uttar Pradesh,Mau,978,284,687,7,1092,25.8,36.1,15.1,12.7,53.3,24.5,4.8,9.4,1.2,0.7
ML,Meghalaya,East Khasi Hills,971,444,524,3,1027,12.8,16.1,16.7,8.2,46.8,15.8,5.4,11.1,0.9,0.6
HR,Haryana,Bhiwani,967,98,861,8,980,21.4,19.8,22.1,23.6,64.8,14.2,4.3,4.6,0.5,1.2
UP,Uttar Pradesh,Jalaun,959,189,757,13,928,22,18.8,11.2,9.4,61.8,30.5,2.8,3.6,0.3,0
GJ,Gujarat,Kachchh,954,303,623,28,944,23.7,21.1,19.9,20.4,62.5,24,4.5,5.5,0.4,1
GJ,Gujarat,Dohad,950,330,615,5,1104,44.1,44.9,9.8,8.9,56.3,16.9,7.4,1.5,1.1,0.6
AS,Assam,Nalbari,948,117,828,3,964,20.5,19.9,17.7,10.2,44.1,25.8,4.8,5,1.3,2
MP,Madhya Pradesh,Neemuch,946,118,816,12,978,31.1,15.9,14.3,16.4,49.2,16.7,7.5,11.1,0.7,1.6
RJ,Rajasthan,Rajsamand,939,140,787,12,1001,28.6,26.6,12.5,6.7,62,23.2,4.4,3.5,0.4,0
GJ,Gujarat,Amreli,926,402,510,14,927,17.1,18.1,28.2,23.9,56,21.9,5.1,8.2,0.7,1
DN,Dadra and Nagar Haveli and Daman and Diu,Daman,905,174,723,1,647,11.8,11,31.8,30.9,60.3,24.9,5.2,9.4,0.6,0.4
OR,Odisha,Kendrapara,905,225,676,4,1129,24.3,28.4,16.4,8.9,42.3,35.2,7.6,10.5,0.2,2
MP,Madhya Pradesh,Sagar,901,156,705,40,939,24.1,29.3,14.1,8.4,39.7,15.2,9.5,11,1.1,1.4
PB,Punjab,Hoshiarpur,894,168,701,25,943,13.7,12.3,31,23.6,61.3,28.4,8,2.3,0.8,0
JH,Jharkhand,Kodarma,893,248,636,9,1062,32.5,27.4,8.9,7.8,61.8,29,4.6,7.2,0.5,0
UP,Uttar Pradesh,Budaun,882,250,626,6,981,30.9,33.7,14.2,9.3,47.8,28.2,4.3,5.2,0.5,0.6
GJ,Gujarat,Valsad,882,123,750,9,995,22.9,15,24.8,23,50.9,15.5,6.8,7.8,0.8,0.6
PB,Punjab,Moga,878,331,537,10,897,10.8,9.5,29.1,37.2,47.5,15.5,5,3.7,0.9,0.8
OR,Odisha,Kalahandi,870,352,516,2,1011,34.2,30.4,9.6,14.1,68.7,36.4,4.3,8.4,0.3,1.8
MN,Manipur,Imphal West,867,811,52,4,1095,7.6,9.9,30.7,23.4,29.1,12.9,9.1,9.5,1.4,0.5
JH,Jharkhand,Deoghar,841,137,695,9,958,38,26.9,7.7,11.7,55.9,18.7,7.7,9.2,0.5,0.6
UP,Uttar Pradesh,Farrukhabad,840,218,604,18,981,23.4,24.9,15.3,13.2,27,15.9,3.9,6,0.6,0.6
RJ,Rajasthan,Jhunjhunun,838,91,741,6,1020,19.3,17,17.3,17.1,38.3,6.2,2.4,2.4,0.8,1.9
GJ,Gujarat,Kheda,836,101,719,16,958,38.5,31,18,11.5,54.5,20.1,5.4,7.7,0.7,1.5
RJ,Rajasthan,Dungarpur,827,122,698,7,1009,38.1,23.1,6.2,5.7,73.2,26.8,4.6,5,0.3,0.8
MH,Maharashtra,Gondiya,820,230,580,10,1037,35.4,29.8,6.8,9.5,55.1,28.8,4.6,10.4,1.2,2.5
UP,Uttar Pradesh,Auraiya,813,228,577,8,944,22.8,31.4,11.8,10.2,67.4,42.2,2.5,1.3,0.5,0
GJ,Gujarat,Patan,805,39,731,35,945,30.2,30.6,17,15.3,59.6,27.2,6.1,7.1,1,1.2
JH,Jharkhand,Simdega,805,176,625,4,1034,30.4,29.3,4.4,1.1,78.2,41.5,4.6,12.7,0.4,0
JH,Jharkhand,Ramgarh,804,282,513,9,1000,28.8,24.3,12.8,11.2,67.6,30.4,4.9,8.7,0.3,0.7
UT,Uttarakhand,Tehri Garhwal,798,194,602,2,1161,18.1,16.2,5.3,5.9,44.6,10.2,4.4,9.6,0.3,0
JK,Jammu and Kashmir,Rajouri,790,97,690,3,1000,17.5,13,21,15.1,33.4,16.6,3.6,3.1,1.1,1.5
JH,Jharkhand,Pashchimi Singhbhum,787,208,570,9,1048,32.4,25.3,9.3,8.7,72.8,30.6,4.4,12.3,1.3,0.8
HR,Haryana,Sirsa,787,359,420,8,913,20.6,10.9,23,20.8,59.3,19.5,4.1,1.6,1,0.8
UP,Uttar Pradesh,Lalitpur,783,439,333,11,928,26.9,31,8.3,5.5,47.6,17.9,5.4,5.2,0.1,0
JH,Jharkhand,Garhwa,779,164,611,4,1013,31.8,28.3,7.5,9.7,60.1,28.4,2.7,3.4,0.7,3.8
MP,Madhya Pradesh,Khandwa (East Nimar),778,78,680,20,949,34.7,34.9,12.9,9.1,58.5,20.8,4.8,4.3,0.7,1.6
RJ,Rajasthan,Churu,774,72,698,4,1009,26.8,30.6,13.5,9.3,34.1,17.3,2.6,2.5,0.3,0.6
TR,Tripura,North Tripura,774,255,511,2,1024,28.7,24.3,13.7,8.4,52.8,19.4,5.5,5.9,0.2,0
UP,Uttar Pradesh,Baghpat,772,112,645,15,899,20.8,14.6,27,15.2,64.4,18.9,7.2,10.8,0.5,0
TR,Tripura,Dhalai,762,97,662,2,957,15.6,13.9,13.5,15.4,56.4,28.8,5.2,9.1,0.6,0
AS,Assam,Udalguri,758,90,666,2,981,20,12.5,10.1,11.6,54.8,32.2,3.5,7,1.1,2.6
GJ,Gujarat,Navsari,756,123,627,6,1036,29.5,35.9,23.1,17,52.1,26.8,6.4,14.8,1.8,3.5
HR,Haryana,Yamunanagar,742,362,366,14,867,16.2,6.1,19,21.2,57.1,33.7,4.9,6.1,0.3,0.8
UP,Uttar Pradesh,Kanpur Dehat,733,347,379,7,885,26.6,33.7,11.5,4.6,62.8,21.9,2.3,3.4,0.1,0.7
PB,Punjab,Barnala,718,430,275,13,873,13.2,7.3,32.4,24.4,42.7,32.3,5.8,10.6,1.4,1
MP,Madhya Pradesh,Ratlam,716,140,560,16,975,33.7,35.9,15.6,7,54.4,23,5.9,8,2.2,0.6
PB,Punjab,Fatehgarh Sahib,703,195,494,14,927,13.7,12.3,41,36.5,53.3,31,6,9.2,0.4,1.1
JH,Jharkhand,Bokaro,698,222,471,5,975,30.7,20.3,12.1,14.2,72.4,39.5,5.5,8.7,0.6,1.9
CT,Chhattisgarh,Raigarh,691,374,312,5,985,28.4,18.8,12.3,12.2,41.6,25.7,8.7,15.8,0.6,0.6
RJ,Rajasthan,Chittaurgarh,682,281,395,6,968,28.7,23.5,17.6,12.8,60.3,26.6,3.9,5.5,1.3,0.8
MH,Maharashtra,Sindhudurg,678,215,450,13,1001,29.6,17.2,20.8,20.7,44.4,18.2,8.6,12.1,0.8,1.6
JK,Jammu and Kashmir,Kathua,677,105,571,1,905,15.9,15,24.6,19.2,38.1,20.8,4.3,7.8,0.4,0.9
JK,Jammu and Kashmir,Udhampur,662,103,557,2,979,19.2,21.5,20.3,14.1,50.3,35.2,3.7,2.3,0.5,0
AS,Assam,Goalpara,658,38,568,1,986,24.2,15.3,11.6,13.4,49.7,29,3.1,4.3,0.8,0.6
JH,Jharkhand,Godda,654,58,593,3,1031,35.6,23.7,6.9,7.2,71.6,26.6,4.9,11.4,0.9,0.8
UP,Uttar Pradesh,Balrampur,651,278,362,11,1077,27.1,23.1,11.3,12.9,55.8,30.1,8.2,12.4,1.4,0.8
PB,Punjab,Kapurthala,649,249,376,24,958,10.4,16.6,38.8,31.6,56.6,28.3,7.7,14.7,0.6,1.4
GJ,Gujarat,Anand,646,28,604,14,962,36,30.3,19.4,17.9,50.4,21.5,5.5,8.7,1.3,1.3
PB,Punjab,Faridkot,646,245,397,4,888,10.9,3.7,24.5,13.1,42.4,47.2,6.6,3,1.2,0.4
HR,Haryana,Mewat,644,45,586,13,932,27.1,30.4,12.2,13,70.1,23.6,4.4,4.2,0.5,0
JH,Jharkhand,Saraikela Kharsawan,644,321,319,4,947,34.8,23.9,12.4,17.6,78.8,38.7,7.5,14,1.4,0
AS,Assam,Morigaon,638,79,557,2,1016,28.1,28.1,11,7.5,41.4,19.9,7.5,8.2,1.3,0.8
AS,Assam,Karbi Anglong,632,75,552,5,982,17.3,12.2,13.8,11.2,39.1,16.3,4.3,8.8,1.2,3
UP,Uttar Pradesh,Kaushambi,630,164,459,7,1024,34.3,28.9,8.4,9.1,58.4,24.7,2.5,6.1,0.3,0
JK,Jammu and Kashmir,Ramban,629,27,601,1,978,14.7,10.5,17.8,16.6,34.1,24.8,2.7,0.6,2.1,0.6
UP,Uttar Pradesh,Etah,621,246,364,11,940,23.5,24.7,17.4,11,36.5,10.3,2.1,3.8,0.3,1.1
HP,Himachal Pradesh,Kangra,620,113,501,4,1107,18.8,18.1,28.2,20.5,59.7,18.3,7.3,6.9,0.6,0
CT,Chhattisgarh,Janjgir Champa,607,62,539,6,1038,27,19.8,13.9,7.4,39.9,8.6,7.3,8.9,0.5,0.6
MP,Madhya Pradesh,Dhar,606,112,482,12,988,30.4,27.2,12.1,12.7,56.2,20.5,4.9,3.8,0.5,2.6
GJ,Gujarat,Sabarkantha,605,101,496,8,957,37.1,25.6,12.9,18.1,67.2,35.5,4.6,5.6,0.6,1.4
MP,Madhya Pradesh,Mandsaur,604,99,493,12,983,31.1,34.9,14.1,12.4,50.2,25.8,7,11.3,1.5,1.4
WB,West Bengal,Puruliya,598,190,407,1,983,47.5,24.5,4.7,8.7,80,44.9,4.7,3.9,0.6,0.7
JK,Jammu and Kashmir,Samba,589,175,413,1,1019,16.6,16,35.3,24.4,37.1,8.4,6.9,6.3,0.7,1.2
MH,Maharashtra,Bhandara,588,207,376,5,1020,33.3,29.9,14.5,10.7,52.7,28,4.7,9.3,0.3,0.8
BR,Bihar,Sheohar,587,136,450,1,1143,33.1,25.1,9.6,12.1,55,21.2,6.2,7.7,1,1
OR,Odisha,Jharsuguda,584,149,434,1,986,27.9,27.3,18.6,16,69.2,34.1,8.4,11.2,0.2,0.9
MP,Madhya Pradesh,Vidisha,583,145,426,12,916,28,35.9,11.3,4.4,44.2,22.9,8.1,8.6,1.2,2.6
MP,Madhya Pradesh,Rajgarh,578,181,385,12,956,37.5,29.5,7.2,6.6,50.3,18.7,2.7,3,0.3,0
PB,Punjab,Tarn Taran,578,180,371,27,914,13.7,16.8,30.2,24.4,45.9,34.5,7.7,8.8,0.7,3.1
JH,Jharkhand,Gumla,577,227,348,2,1067,27.5,24.3,7.6,8.2,69.6,35.9,3.5,4.8,1.2,0.8
UP,Uttar Pradesh,Ambedkar Nagar,566,182,368,16,1094,30.4,29.8,12.2,9.2,55.6,23.9,2.9,4.3,1,0.6
HR,Haryana,Fatehabad,564,152,408,4,908,22.2,13.2,15.1,17.8,65.4,32,3.9,4,0.5,0.5
OR,Odisha,Nabarangapur,562,165,394,3,1036,36.1,26.4,6.8,7.8,71.5,41.4,6.3,8.4,0.7,1.3
OR,Odisha,Anugul,556,165,388,3,935,21.8,22.1,17.6,17.4,44,27,5.9,9.6,1.2,2.1
MP,Madhya Pradesh,Dewas,549,81,453,15,964,28.7,23.5,14.6,16.8,47.8,19.9,4.9,6.5,0.7,0.5
MH,Maharashtra,Gadchiroli,540,103,436,1,968,27.9,19.6,6.5,11,51.7,31.9,4,4.4,0.4,0.5
MP,Madhya Pradesh,Rewa,539,127,403,9,995,23.2,25.8,15.4,14.1,40.9,23.3,3.7,5.3,0.1,0
PY,Puducherry,Karaikal,537,163,368,6,1108,15.3,10.7,38.6,38.4,57,19.6,9.5,12.1,0.2,0.8
PB,Punjab,Rup Nagar,537,150,378,9,950,13.1,17.3,43.6,17.5,74.5,26,7.3,4.2,1.4,0.7
HR,Haryana,Kaithal,531,200,328,3,889,15.3,16.1,25.3,25,59.8,13.6,4.8,5.6,0.4,1.3
AS,Assam,Sivasagar,529,53,473,3,994,31,32.4,13.9,15.4,35.2,15.3,7.5,8.1,1.5,1.2
MP,Madhya Pradesh,Bhind,528,23,502,3,855,29.6,29,12.1,11.7,66,35.3,1.9,3.2,0.1,0
MP,Madhya Pradesh,Burhanpur,519,22,472,25,951,28.4,22.9,16.3,12.2,66.3,32.4,4.8,4.2,0.7,0.8
HP,Himachal Pradesh,Sirmaur,516,137,371,1,1015,19.3,19.1,25.2,27.6,48,14.8,6.5,5.7,1,0.8
MP,Madhya Pradesh,Raisen,512,100,400,12,903,29.5,38.2,14.2,7.1,50.7,21.1,2.9,7.5,0.4,0.6
RJ,Rajasthan,Tonk,511,115,391,5,987,32.7,33.8,10.5,9.7,62.5,23.4,2.6,9.9,0.4,0
AS,Assam,Dhemaji,502,61,440,1,1014,17.2,11.3,12.4,13.5,39.8,15.6,6.4,10.3,1.6,1.6
MP,Madhya Pradesh,Sehore,501,142,343,16,927,26.6,29.3,14.4,12.9,46.9,20.1,2.4,5.5,0.1,1.2
PY,Puducherry,Yanam,501,128,351,22,1044,11.9,14.1,36.2,35.8,43.7,14.1,7.6,4,0.6,0
RJ,Rajasthan,Karauli,492,145,340,7,988,32.2,40.1,10.2,7.5,38.1,14.4,3.1,4.5,0.5,1.3
MP,Madhya Pradesh,Shivpuri,492,117,371,4,910,31.4,33.4,9.5,4.2,49,19.6,4.6,6.8,0.2,0
MN,Manipur,Thoubal,491,464,23,4,1062,9.7,14.4,25.8,20.7,28.3,9.2,6.1,4.9,1,1
PB,Punjab,Sahid Bhagat Singh Nagar,489,114,363,12,1011,13.3,14.8,35.7,27.7,64.8,43.6,5.7,2.9,0.6,0
UT,Uttarakhand,Uttarkashi,489,267,221,1,1031,16.9,16.4,11.5,11.3,52.6,23.8,4.5,10,0.2,0.6
AS,Assam,Baksa,487,38,447,2,1046,17.8,16.5,15.2,7.2,53.4,34.8,5.5,7,1.8,3.4
RJ,Rajasthan,Ganganagar,483,187,289,7,929,21.1,13.9,20.5,24.4,34.8,8.9,5.3,4.4,0.5,0.5
JH,Jharkhand,Chatra,482,125,356,1,1046,37.3,33.3,6.6,10.2,56.6,29.5,3.6,6.2,0.6,2.1
UP,Uttar Pradesh,Banda,475,135,334,6,908,23,20.2,8.3,10.5,54.5,20.2,1.3,4,0.4,0
TR,Tripura,South Tripura,469,59,403,4,1000,19.4,15.3,13.6,17,54.3,31.5,8.5,11.7,0.9,0
JH,Jharkhand,Khunti,465,239,224,2,974,25.5,16.4,5.1,4.7,64.1,42,5.7,8.4,0.9,1.4
MP,Madhya Pradesh,Chhatarpur,462,67,384,11,919,28.2,31.1,10.4,6.7,48.1,19.1,5.3,10.1,0.6,0
UP,Uttar Pradesh,Shrawasti,461,177,277,7,1042,24.6,25.6,9.4,7.9,48.7,32.4,7.5,11.9,0.8,0
PB,Punjab,Muktsar,460,145,311,4,860,14.6,13.2,26.5,21.2,47.9,25.3,5.9,7.7,0.6,0.5
JH,Jharkhand,Sahibganj,459,226,227,6,977,31.5,24,7.7,10.6,61.9,21.8,4,7,1.2,0.9
MP,Madhya Pradesh,Damoh,451,148,295,8,917,27.1,35.4,13,6.2,45.5,23.9,8.3,5.2,0.3,0
UP,Uttar Pradesh,Hamirpur,445,65,369,11,945,28.3,24.7,6.7,6.1,51.8,30.2,2.2,5.2,0.6,0.5
CT,Chhattisgarh,Bastar,442,206,234,2,1082,37.1,31.3,6.3,5.3,67.6,42,6.4,10.2,1,0.7
RJ,Rajasthan,Dausa,436,72,359,5,1016,29.6,21.3,10.2,9.6,27.1,8.8,2.5,7.2,0.7,0
HP,Himachal Pradesh,Hamirpur,416,60,352,4,1225,13.6,14.2,30.9,31.5,35.8,8.4,5.8,7,1.1,3.3
MP,Madhya Pradesh,Datia,408,80,323,5,893,32.3,40.3,10,3.5,60.3,27.5,3.7,4.1,0.4,0
AS,Assam,Kokrajhar,408,50,353,5,1009,21.7,18.1,11.9,13.9,51,23.1,6.2,7.8,2.1,0.9
RJ,Rajasthan,Bundi,401,269,131,1,930,33.5,23.8,10.9,10.5,63.7,26.9,4.3,7,0.4,0
MP,Madhya Pradesh,Hoshangabad,401,108,279,14,928,23,18.5,14.7,7.8,55.8,35,3,6.5,0.5,0.3
UP,Uttar Pradesh,Mahamaya Nagar,399,57,336,6,921,22.6,22.9,20,16.2,39.2,11.2,4.7,5.3,0.5,1.4
MP,Madhya Pradesh,Betul,398,107,285,6,1010,27.2,21.5,12.2,6.8,54.1,37.5,4.1,5.3,0.7,0
JH,Jharkhand,Lohardaga,397,88,307,2,1037,34.9,25.7,8,12,66.7,44.8,3.7,7.8,0.9,0
HR,Haryana,Jind,393,68,319,6,893,17,11,17.5,14.5,62.7,21.5,3.1,3.5,0.4,0
OR,Odisha,Subarnapur,393,206,186,1,1037,32.2,18,13.8,13,69.2,34.4,4.6,10.5,0.2,0
MH,Maharashtra,Wardha,393,141,241,10,947,29.4,20,17,14.4,42.5,24.8,4.2,3.9,0.5,0
RJ,Rajasthan,Banswara,387,168,215,4,983,33.3,32.3,9,8.7,76.3,43.2,4.5,7.1,0.3,0
RJ,Rajasthan,Baran,386,168,206,12,959,30.7,25.8,9.7,7.6,66.3,27.6,3.9,9.2,0.6,0.7
RJ,Rajasthan,Sawai Madhopur,385,130,242,13,1001,30,24.4,11.2,13.5,38.5,11.6,3.4,4.4,0.4,0
UT,Uttarakhand,Almora,384,41,340,2,1259,24.8,32.5,9.2,13.7,32.9,20.4,4.8,5.4,0.2,1.2
UP,Uttar Pradesh,Mahoba,369,61,305,3,943,35,26.5,8.6,11.9,64.8,16.4,3.6,6.5,0.4,0
MP,Madhya Pradesh,Shajapur,367,64,297,6,906,29.4,28.9,11.6,10.5,52.8,33,4.2,4.9,0.3,0.6
MP,Madhya Pradesh,Sheopur,365,105,258,2,945,43.9,39.2,6.4,5.7,61.6,33.4,3.6,5.7,0.4,0.6
UP,Uttar Pradesh,Chitrakoot,364,69,293,2,1034,33.1,38.4,7.3,3.5,67.7,31.7,2.4,5.4,0.1,0.8
MP,Madhya Pradesh,Tikamgarh,356,19,327,10,909,30.8,31.2,8,6.7,45.8,20,6.5,6.8,0.9,0
MP,Madhya Pradesh,Satna,350,114,224,12,993,22.2,25.5,15.9,12.6,48.8,24.3,6.2,5.8,0.3,0.9
JK,Jammu and Kashmir,Doda,347,46,299,2,1033,14.6,14.6,18.7,15.7,20.7,10.9,3.2,3.1,1.9,3.2
CT,Chhattisgarh,Surguja,346,90,254,2,1024,35.9,27.8,8.6,7.5,35.1,14.7,3.8,6.7,1.6,0.7
UT,Uttarakhand,Garhwal,341,71,257,4,1210,16.6,18.4,17.5,14,42.4,6.8,7.1,5.4,0,0
MP,Madhya Pradesh,Katni,341,102,233,6,996,27.2,21.4,16,14.7,52,18.9,9.4,8.6,1.1,1.8
JK,Jammu and Kashmir,Punch,332,75,255,2,978,14.3,19.7,21.1,17,28.2,12.6,3.4,3.5,1,0.7
HP,Himachal Pradesh,Mandi,331,126,199,6,1167,15.2,15.4,23.9,15.8,39.7,16.3,3.6,4,0.8,0.7
MP,Madhya Pradesh,Jhabua,327,126,197,4,969,30.4,32.6,9.9,6.4,58.8,32.1,5,8.4,0.5,1
MP,Madhya Pradesh,Alirajpur,318,119,197,2,1023,35.8,35.9,7.2,8.1,64.4,48.5,4,7.4,0.8,0
MP,Madhya Pradesh,Chhindwara,318,97,218,3,950,29.1,22.5,14,12,52.1,21.2,4.7,8.4,0.4,0.8
RJ,Rajasthan,Pratapgarh,308,113,191,4,982,35,16.9,7.8,9.5,63.3,26.2,3.6,5.1,0.8,0
MN,Manipur,Imphal East,307,288,16,3,1057,9.7,14.3,30.8,22.2,27.3,9.1,8,11.3,0.7,2
RJ,Rajasthan,Hanumangarh,302,61,240,1,928,23,15.8,14.8,12.1,33.9,6.3,3.7,7.8,0.6,0.5
PB,Punjab,Mansa,296,123,172,1,908,18.7,16,24.4,19.7,49.4,18.6,5.3,6,0.7,1.2
MP,Madhya Pradesh,Singrauli,296,156,134,6,984,19.4,15,11,12.3,52.6,35.1,4.8,5,0.6,0.6
RJ,Rajasthan,Jaisalmer,292,40,250,2,916,25.8,21.9,12.8,9.7,33.6,14.8,1.9,3.1,0.1,0.7
MP,Madhya Pradesh,Narsimhapur,290,46,242,2,901,25.1,25,15.4,14.8,49.6,16.4,8.9,10.1,1.4,0
MP,Madhya Pradesh,Harda,289,56,227,6,922,22.3,28.4,16.3,12.4,51.3,29.1,5,8.2,0.7,1
CT,Chhattisgarh,Mahasamund,282,89,188,5,1049,28.6,22.6,7.8,8.5,49.5,25.1,6.5,13,0.7,1.5
HP,Himachal Pradesh,Shimla,248,62,183,2,997,14.1,15,33.2,30.2,68.6,30.6,6.8,8.6,0.6,2
MP,Madhya Pradesh,Shahdol,225,106,118,1,973,29.1,29.9,12.3,8.2,60.5,34.3,5,7.9,0.4,0
UT,Uttarakhand,Champawat,223,102,119,2,1154,20.6,21.6,17.1,19.3,35.6,16.1,8,10.7,0.2,1.8
MP,Madhya Pradesh,Sidhi,221,109,111,1,1005,27,32.9,10.3,7.1,50.5,20.6,4.6,9.6,0.3,0
UT,Uttarakhand,Pithoragarh,215,42,171,2,1069,13.5,8.2,19,18.3,34.5,10,6.4,9.2,0.9,0
GJ,Gujarat,Tapi,215,19,193,3,1064,43.4,33.5,8.8,7,54.4,19.7,6,9.5,0.7,0.9
GJ,Gujarat,Porbandar,214,48,162,4,941,14,14.9,24.8,15.1,59.2,20.8,4.8,7.4,0.6,2
MP,Madhya Pradesh,Balaghat,213,50,162,1,1067,42.4,39.9,7.4,2.1,68.6,38.8,4.6,6.9,0.2,0
AR,Arunachal Pradesh,West Kameng,212,156,54,2,946,7.2,7.5,33.2,20.3,24.5,4.4,3.1,3.1,2.9,0
UT,Uttarakhand,Bageshwar,191,34,156,1,1144,24.9,13.8,10.2,16.5,41.3,15.9,4.3,12.6,0.9,2.2
AR,Arunachal Pradesh,East Siang,191,80,110,1,954,4.8,5.5,22.5,38.2,32.8,15.6,8.1,9.1,2.5,5.3
CT,Chhattisgarh,Korea,187,40,145,2,1010,24.7,10.1,11.1,13.6,36.6,16.7,4.5,4.1,1.2,1.4
ML,Meghalaya,Ribhoi,180,103,74,3,1007,16.7,16.6,10.5,6.5,68,32.3,3.3,3.9,0.5,1.5
CT,Chhattisgarh,Dakshin Bastar Dantewada,177,29,146,2,1021,40.6,25,4.9,2.2,74.5,43.7,5.1,7.4,0.8,0.7
MP,Madhya Pradesh,Guna,165,71,87,7,916,34.2,39,10.9,5.8,46.2,17,2.8,3,0.5,0.4
UT,Uttarakhand,Rudraprayag,152,60,91,1,1169,14.8,17.3,12.4,10.7,38.4,10.1,3.9,4.5,0.1,0
MN,Manipur,Bishnupur,150,91,58,1,1032,11,12.7,24.5,21.7,26.8,9.8,6,11.1,0.8,0.6
MP,Madhya Pradesh,Ashoknagar,145,24,117,4,889,30.1,36,10,6.4,42.3,23.1,1.8,2.6,0.5,0.5
MP,Madhya Pradesh,Seoni,137,67,66,4,1031,32.4,23.5,8.7,15.2,55.3,21.5,6,7,0.5,1
CT,Chhattisgarh,Bijapur,134,47,86,1,1006,20.1,12.9,2.4,7.7,68.7,29,4,5.1,0.3,0
MP,Madhya Pradesh,Mandla,99,46,52,1,1053,34,34.1,7.6,6.4,69.9,37.6,4.6,5.9,0.9,1.3
CT,Chhattisgarh,Dhamtari,80,17,62,1,1017,29.8,27.4,10,6.8,55.2,31.4,4.8,11.6,0.8,0.6
MP,Madhya Pradesh,Umaria,80,34,44,2,1006,29.3,36.4,9.6,3.2,61.5,37.4,4.7,2.6,0.6,1.4
MN,Manipur,Chandel,74,67,4,3,1062,6.2,8.1,24.4,15.3,23.5,11.8,6.1,8.4,0.7,0
DL,Delhi,North West,32,31,0,1,834,14.5,28.2,36.4,16.4,51.1,29,7.6,8.2,0.5,0
